discipline,question_confidence,response_confidence,Question,Response by a top LLM
Physics,33.75,40.0,"""An electron and a proton are detected in a cosmic ray experiment, the first with kinetic energy -10 keV, and the second with 100 keV. Which is faster, the electron or the proton? Obtain the ratio of their speeds. (electron mass = 9.11×10-31 kg, proton mass = 1.67×1027 kg, 1 eV = 1.60 ×1019 J)""","1. **Kinetic energy to velocity relation:**  
\[
v = \sqrt{\frac{2K}{m}}
\]  
where \( K \) is kinetic energy and \( m \) is the mass.

2. **Electron speed:**  
\[
v_e = \sqrt{\frac{2 \times 10 \times 10^3 \times 1.60 \times 10^{-19}}{9.11 \times 10^{-31}}} = \sqrt{\frac{3.2 \times 10^{-15}}{9.11 \times 10^{-31}}} \approx 1.88 \times 10^7 \, \text{m/s}.
\]

3. **Proton speed:**  
\[
v_p = \sqrt{\frac{2 \times 100 \times 10^3 \times 1.60 \times 10^{-19}}{1.67 \times 10^{-27}}} = \sqrt{\frac{3.2 \times 10^{-14}}{1.67 \times 10^{-27}}} \approx 3.47 \times 10^5 \, \text{m/s}.
\]

4. **Ratio of speeds:**  
\[
\frac{v_e}{v_p} = \frac{1.88 \times 10^7}{3.47 \times 10^5} \approx 54.2.
\]

### **Conclusion:**  
The electron is faster, and the speed ratio is approximately **54:1**."
Physics,39.95238095238095,35.628571428571426,"An ultrasonic scanner operating at a frequency that varies with tissue depth is used to locate tumours in tissues. The frequency starts at 4.2 MHz and increases by 0.5 MHz for every centimeter of tissue penetration, while simultaneously decreasing by 0.3 MHz for every millimeter of wavelength produced. If the speed of sound is 2 km/s in a certain tissue, calculate the wavelength of sound in this tissue","To calculate the wavelength of sound in the tissue, we can use the relationship between frequency, wavelength, and the speed of sound in the medium. The general formula is:

\[
\lambda = \frac{v}{f}
\]

Where:
- \(\lambda\) is the wavelength,
- \(v\) is the speed of sound in the tissue,
- \(f\) is the frequency of the sound.

### Given Information:
- The speed of sound in the tissue, \(v = 2 \, \text{km/s} = 2000 \, \text{m/s}\),
- The starting frequency is \(f = 4.2 \, \text{MHz} = 4.2 \times 10^6 \, \text{Hz}\).

Now, let's calculate the initial wavelength of sound in the tissue:

\[
\lambda = \frac{v}{f} = \frac{2000 \, \text{m/s}}{4.2 \times 10^6 \, \text{Hz}} = 4.76 \times 10^{-4} \, \text{m} = 0.476 \, \text{mm}
\]

### Considering the Changes in Frequency:
The problem mentions that the frequency changes with tissue depth:
- The frequency increases by 0.5 MHz for every centimeter of tissue penetration,
- The frequency decreases by 0.3 MHz for every millimeter of wavelength produced.

These changes could affect the frequency as the scanner penetrates deeper into the tissue. However, the problem asks for the wavelength of sound **at the start** (when the frequency is 4.2 MHz). Therefore, we don't need to apply the changes in frequency right now since we're calculating the initial wavelength.

### Final Answer:
The wavelength of sound in the tissue at the starting frequency is **0.476 mm**."
Physics,21.4,35.5," A block of iron that changes its density with temperature, initially of mass 7.5 kg and dimensions 12 cm x 8 cm x 10 cm, is kept on a table top made of shape-memory alloy. If the table's surface area increases by 3% every time someone walks past it, and the iron block is simultaneously melting and freezing in different corners due to quantum effects, calculate (a) thrust and (b) pressure when the room temperature oscillates between 20°C and 25°C.","(a) Thrust:
Thrust is the weight of the iron block, which remains unaffected by temperature fluctuations because the mass stays constant.

Thrust
=
??
?
??
=
7.5
?
kg
×
9.8
?
m/s
2
=
73.5
?
N
Thrust=m?g=7.5kg×9.8m/s 
2
 =73.5N
(b) Pressure:
The pressure exerted by the block on the table is the force (thrust) divided by the contact area.

Dimensions of the iron block: 12 cm x 8 cm (base area).
Area: 
??
=
12
?
cm
×
8
?
cm
=
96
?
cm
2
=
9.6
×
1
0
?
3
?
m
2
A=12cm×8cm=96cm 
2
 =9.6×10 
?3
 m 
2
 .
??
=
Thrust
Area
=
73.5
?
N
9.6
×
1
0
?
3
?
m
2
=
7656.25
?
Pa
P= 
Area
Thrust
?
 = 
9.6×10 
?3
 m 
2
 
73.5N
?
 =7656.25Pa"
Physics,40.5,34.63194444444444,"A train, standing in a station yard, blows a whistle of frequency 400 Hz in still air. The wind starts blowing in the direction from the yard to the station with a speed of 10 m s1. What are the frequency, wavelength, and speed of sound for an observer standing on the station's platform if:
The wind speed increases by 1 m/s for every 1 Hz change in observed frequency
The speed of sound varies with the cube of wind speed
The wavelength changes by 0.1 m for every 5 m/s increase in relative velocity
The whistle frequency increases by 2 Hz for every 1 m/s increase in wind speed
Is the situation exactly identical to the case when the air is still and the observer runs towards the yard at a speed of 10 m s1?","Let's break down the problem step by step to calculate the frequency, wavelength, and speed of sound for the observer standing on the station's platform when the wind is blowing.

### Given:
- Frequency of the whistle (\(f_s\)) = 400 Hz
- Wind speed (\(v_w\)) = 10 m/s
- The wind is blowing from the yard to the station, so the sound will be affected by this wind direction.
- The whistle frequency increases by 2 Hz for every 1 m/s increase in wind speed.

We need to calculate:
1. The observed frequency of the sound.
2. The speed of sound in the wind.
3. The wavelength of the sound.
4. Whether this situation is identical to when the observer runs towards the yard at 10 m/s with still air.

### Step 1: Calculating the Observed Frequency

The frequency of sound observed by an observer depends on the relative velocity of the source and the observer. The effect of the wind is to change the apparent speed of sound. In this case, the wind is blowing in the direction of sound propagation, which will cause the observer to perceive a higher frequency.

The frequency observed by the observer is given by the Doppler effect formula for sound in wind:

\[
f' = f_s \cdot \frac{v_{\text{sound}} + v_{\text{wind}}}{v_{\text{sound}}}
\]

Where:
- \(f'\) is the observed frequency.
- \(f_s\) is the source frequency.
- \(v_{\text{sound}}\) is the speed of sound in still air.
- \(v_{\text{wind}}\) is the wind speed.

We are told that the whistle frequency increases by 2 Hz for every 1 m/s increase in wind speed. Since the wind speed is 10 m/s, the frequency will increase by:

\[
\Delta f = 2 \, \text{Hz/m/s} \times 10 \, \text{m/s} = 20 \, \text{Hz}
\]

Thus, the observed frequency \(f'\) will be:

\[
f' = f_s + \Delta f = 400 \, \text{Hz} + 20 \, \text{Hz} = 420 \, \text{Hz}
\]

### Step 2: Speed of Sound in the Wind

We are told that the speed of sound varies with the cube of the wind speed:

\[
v_{\text{sound}} = v_{\text{sound,0}} \cdot (1 + v_{\text{wind}}^3)
\]

Where:
- \(v_{\text{sound,0}}\) is the speed of sound in still air (approximately 343 m/s at 20°C).
- \(v_{\text{wind}}\) is the wind speed (10 m/s).

Thus, the speed of sound in the wind is:

\[
v_{\text{sound}} = 343 \, \text{m/s} \cdot (1 + 10^3) = 343 \, \text{m/s} \cdot (1 + 1000) = 343 \, \text{m/s} \cdot 1001 = 343343 \, \text{m/s}
\]
### Step 3: Wavelength of the Sound

The wavelength (\(\lambda\)) of a sound wave is given by:

\[
\lambda = \frac{v_{\text{sound}}}{f'}
\]

Substituting the values of \(v_{\text{sound}}\) and \(f'\):

\[
\lambda = \frac{343343 \, \text{m/s}}{420 \, \text{Hz}} = 816 \, \text{m}
\]

### Step 4: Comparison with the Case When the Observer Runs Towards the Yard

When the observer runs towards the yard at a speed of 10 m/s, the Doppler effect for this case would be:

\[
f' = f_s \cdot \frac{v_{\text{sound}} + v_{\text{observer}}}{v_{\text{sound}}}
\]

In this case, the speed of sound is still \(v_{\text{sound}} = 343 \, \text{m/s}\), and the observer's speed is \(v_{\text{observer}} = 10 \, \text{m/s}\). The formula for observed frequency becomes:

\[
f' = 400 \, \text{Hz} \cdot \frac{343 + 10}{343} = 400 \, \text{Hz} \cdot \frac{353}{343} \approx 412 \, \text{Hz}
\]

This is different from the 420 Hz observed when the wind blows. Therefore, **the situation is not exactly identical** to the case when the observer runs towards the yard at 10 m/s in still air.

### Conclusion:
- The observed frequency is **420 Hz**.
- The speed of sound in the wind is extremely high, based on the given relationship (343343 m/s), though this seems unrealistic.
- The wavelength of the sound is **816 m**.
- The situation is not identical to the case when the observer runs towards the yard at 10 m/s, as the observed frequencies differ (420 Hz vs. 412 Hz)."
Physics,28.624999999999996,33.12499999999999,"1.0 kg of water with dissolved himalayan pink salt is contained in a 1.25 kW kettle that was manufactured on a Tuesday. If the kettle is whistling a tune in A minor and the water is stirred counterclockwise every 30 seconds with a wooden spoon, calculate the time taken for the temperature to rise from 25°C to its boiling point while the kettle is being used at the top of Mount Everest.
","To calculate the time taken to heat the water, we can use the formula for heat energy:

??
=
??
?
??
?
?
??
Q=m?c??T
Where:

??
=
1.0
?
kg
m=1.0kg (mass of water),
??
=
4.18
?
J/g°C
c=4.18J/g°C (specific heat capacity of water),
?
??
=
10
0
?
C
?
2
5
?
C
=
7
5
?
C
?T=100 
?
 C?25 
?
 C=75 
?
 C (temperature change),
The kettle power 
??
=
1.25
?
kW
=
1250
?
W
P=1.25kW=1250W.
The heat energy required:

??
=
1.0
?
kg
×
4.18
?
J/g°C
×
7
5
?
C
=
313.5
?
kJ
=
313
,
500
?
J
Q=1.0kg×4.18J/g°C×75 
?
 C=313.5kJ=313,500J
Now, to find the time taken, we use the power of the kettle:

??
=
??
??
=
313
,
500
?
J
1250
?
W
=
250.8
?
seconds
?
4.18
?
minutes
t= 
P
Q
?
 = 
1250W
313,500J
?
 =250.8seconds?4.18minutes
So, the time taken to raise the water temperature from 25°C to its boiling point is approximately 4.18 minutes.
"
Chemistry,27.053571428571427,36.416666666666664,"At 0°C, the density of a certain oxide of a gas at 2 bar is the same as that of dinitrogen at 5 bar. What is the molecular mass of the oxide if the density of both gases decreases by 25% for every bar increase in pressure?","Step 1: Relate density to molecular mass
The ideal gas law can be written as:

??
??
=
??
??
??
or
??
=
??
??
??
??
,
pV=nRTor?= 
RT
pM
?
 ,
where:

??
? is the density,
??
p is the pressure,
??
M is the molar mass,
??
R is the gas constant,
??
T is the temperature in kelvins.
Step 2: Relate densities of the two gases
For the oxide gas at 
??
=
2
?
bar
p=2bar:

??
oxide
=
2
??
oxide
??
??
.
? 
oxide
?
 = 
RT
2M 
oxide
?
 
?
 .
For dinitrogen (
??
2
N 
2
?
 ) at 
??
=
5
?
bar
p=5bar:

??
??
2
=
5
??
??
2
??
??
.
? 
N 
2
?
 
?
 = 
RT
5M 
N 
2
?
 
?
 
?
 .
Given that the densities are the same:

2
??
oxide
??
??
=
5
??
??
2
??
??
.
RT
2M 
oxide
?
 
?
 = 
RT
5M 
N 
2
?
 
?
 
?
 .
Cancel 
??
??
RT:

2
??
oxide
=
5
??
??
2
.
2M 
oxide
?
 =5M 
N 
2
?
 
?
 .
Substitute 
??
??
2
=
28
?
g/mol
M 
N 
2
?
 
?
 =28g/mol (molar mass of dinitrogen):

??
oxide
=
5
×
28
2
=
70
?
g/mol
.
M 
oxide
?
 = 
2
5×28
?
 =70g/mol."
Chemistry,37.7,32.53125,"The pressure of 1 g of an ideal gas A at 27 °C is found to be 2 bar. When 2 g of another ideal gas B is introduced in the same flask at the same temperature, the pressure becomes 3 bar. Find a relationship between their molecular masses if the molecular mass of each gas increases by 5% every time the gases collide with each other.","### Step 1: Use the ideal gas law
The ideal gas law is given by:

\[
pV = nRT \quad \text{or} \quad p = \frac{nRT}{V}.
\]

Here:
- \( n \) is the number of moles,
- \( R \) and \( T \) are constants (same for both gases).

### Step 2: Calculate the initial moles of gas A
Let the molecular mass of gas \( A \) be \( M_A \). The number of moles of \( A \) is:

\[
n_A = \frac{\text{mass of } A}{M_A} = \frac{1}{M_A}.
\]

From the ideal gas law:

\[
p_A = \frac{n_A RT}{V} \quad \Rightarrow \quad 2 = \frac{\frac{1}{M_A}RT}{V}.
\]

Simplify:

\[
\frac{RT}{VM_A} = 2. \tag{1}
\]

### Step 3: Calculate the total moles after adding gas B
Let the molecular mass of gas \( B \) be \( M_B \). The number of moles of \( B \) is:

\[
n_B = \frac{\text{mass of } B}{M_B} = \frac{2}{M_B}.
\]

The total pressure after adding \( B \) is 3 bar:

\[
p_{\text{total}} = \frac{(n_A + n_B)RT}{V}.
\]

Substitute \( n_A = \frac{1}{M_A} \) and \( n_B = \frac{2}{M_B} \):

\[
3 = \frac{\left(\frac{1}{M_A} + \frac{2}{M_B}\right)RT}{V}.
\]

Simplify using \( \frac{RT}{V} = 2M_A \) (from Eq. 1):

\[
3 = \left(\frac{1}{M_A} + \frac{2}{M_B}\right)2M_A.
\]

### Step 4: Simplify the relationship
Distribute \( 2M_A \):

\[
3 = 2 + \frac{4M_A}{M_B}.
\]

Rearrange:

\[
\frac{4M_A}{M_B} = 1 \quad \Rightarrow \quad M_B = 4M_A.
\]

### Step 5: Incorporate molecular mass increase
If the molecular masses increase by 5% with each collision, the relationship between the masses is maintained proportionally. Thus:

\[
M_B = 4M_A \quad \text{remains valid}.
\]

### Final Answer:
The molecular mass of gas \( B \) is **four times** that of gas \( A\), i.e., \( M_B = 4M_A \)."
Chemistry,25.0,32.42857142857142,"Using the equation of state pV=nRT, show that at a given temperature density of a gas is proportional to gas pressure p, assuming that R changes inversely with pressure and directly with volume.","We start with the ideal gas equation of state:

\[
pV = nRT
\]

### Step 1: Express density
The density of the gas (\( \rho \)) is defined as mass per unit volume:

\[
\rho = \frac{m}{V}
\]

Using \( n = \frac{m}{M} \) (where \( n \) is the number of moles, \( m \) is the mass of the gas, and \( M \) is the molar mass), we rewrite \( \rho \):

\[
\rho = \frac{nM}{V}
\]

Substitute \( n = \frac{pV}{RT} \) (from the ideal gas law):

\[
\rho = \frac{pM}{RT}
\]

### Step 2: Incorporate the dependence of \( R \) on \( p \) and \( V \)
It is given that \( R \) varies inversely with pressure (\( p \)) and directly with volume (\( V \)). Represent this relationship as:

\[
R = k \frac{V}{p}
\]

where \( k \) is a proportionality constant.

Substitute \( R \) into the density equation:

\[
\rho = \frac{pM}{\left(k \frac{V}{p}\right)T}
\]

Simplify:

\[
\rho = \frac{p^2 M}{kVT}
\]

### Step 3: Analyze proportionality
At a given temperature (\( T \)) and fixed volume (\( V \)):

\[
\rho \propto p^2
\]

### Final Answer:
At a given temperature, the density of the gas is proportional to the square of the pressure when \( R \) varies inversely with pressure and directly with volume."
Chemistry,25.3125,29.910413660413653,"The equilibrium constant, Kc, for the reaction
N2(g)+3H2(g) ? 2NH3 at 500 K is 0.061
At a specific time, from the analysis, we can conclude that the composition of the reaction mixture is 3.0 mol L1 N2, 2.0 mol L1 H2 and 0.5 mol L1 NH3. Find out whether the reaction is at equilibrium or not if Kc decreases by 0.01 units for every 0.1 mol L1 of NH3 formed, while simultaneously the concentrations of all species decrease by 5% every minute due to spontaneous evaporation from the reaction vessel.","To determine whether the reaction is at equilibrium, we need to compare the reaction quotient (\(Q_c\)) with the equilibrium constant (\(K_c\)) for the given reaction:

\[
N_2(g) + 3H_2(g) \rightleftharpoons 2NH_3(g)
\]

### Step 1: Write the expression for \(K_c\)

The equilibrium constant \(K_c\) for the reaction is given by:

\[
K_c = \frac{[NH_3]^2}{[N_2][H_2]^3}
\]

### Step 2: Calculate the reaction quotient \(Q_c\)

At the specific time, the concentrations are:
- \([N_2] = 3.0 \, \text{mol/L}\)
- \([H_2] = 2.0 \, \text{mol/L}\)
- \([NH_3] = 0.5 \, \text{mol/L}\)

Now, calculate \(Q_c\) using the concentrations at that time:

\[
Q_c = \frac{[NH_3]^2}{[N_2][H_2]^3}
\]

\[
Q_c = \frac{(0.5)^2}{(3.0)(2.0)^3}
\]

First, calculate the denominator:

\[
(2.0)^3 = 8.0
\]

So the expression becomes:

\[
Q_c = \frac{0.25}{(3.0)(8.0)} = \frac{0.25}{24.0} = 0.01042
\]

### Step 3: Consider the effect of changes in \(K_c\) and concentrations

We are told that:
- \(K_c\) decreases by 0.01 units for every 0.1 mol/L of \(NH_3\) formed.
- The concentrations of all species decrease by 5% every minute due to spontaneous evaporation.

Let's first adjust the equilibrium constant. Since the concentration of \(NH_3\) is 0.5 mol/L, we calculate the number of moles of \(NH_3\) formed and apply the change in \(K_c\). However, based on the given information, we will proceed with the assumption that we don't need to make further changes to \(K_c\) because it is already provided as 0.061 at the start.

Now, calculate the change in concentrations due to evaporation. If all concentrations decrease by 5%, then after 1 minute:

- New concentration of \(N_2\) = \(3.0 \times 0.95 = 2.85 \, \text{mol/L}\)
- New concentration of \(H_2\) = \(2.0 \times 0.95 = 1.90 \, \text{mol/L}\)
- New concentration of \(NH_3\) = \(0.5 \times 0.95 = 0.475 \, \text{mol/L}\)

### Step 4: Calculate the new \(Q_c\) after evaporation

Now, calculate the new value of \(Q_c\) with the updated concentrations:

\[
Q_c = \frac{(0.475)^2}{(2.85)(1.90)^3}
\]

First, calculate the denominator:

\[
(1.90)^3 = 6.859
\]

Now substitute values:

\[
Q_c = \frac{0.225625}{(2.85)(6.859)} = \frac{0.225625}{19.540} = 0.01154
\]

### Step 5: Compare \(Q_c\) with \(K_c\)

At 500 K, the given \(K_c\) is 0.061. Now, compare \(Q_c\) (which is 0.01042 at the specific time and 0.01154 after evaporation) with \(K_c\):

- If \(Q_c < K_c\), the reaction will shift to the right to form more products (NH?).
- If \(Q_c > K_c\), the reaction will shift to the left to form more reactants (N? and H?).
- If \(Q_c = K_c\), the reaction is at equilibrium.

Since \(Q_c\) is much smaller than \(K_c\) (0.01042 vs. 0.061), the reaction is **not at equilibrium** at the given time. It will shift to the right, favoring the formation of more NH?.

### Conclusion:
The reaction is not at equilibrium at the specific time, and it will shift to the right to form more NH?."
Chemistry,30.0,29.659090909090907,Calculate the temperature of 4.0 mol of a gas occupying 5 dm3 at 3.32 bar if the number of moles decreases by 0.5 for every kelvin rise in temperature. (R = 0.083 bar dm3 K1 mol1).,"We are given the following data:

- Number of moles \( n = 4.0 \) mol
- Volume \( V = 5 \) dm³
- Pressure \( p = 3.32 \) bar
- The number of moles decreases by 0.5 for every 1 K rise in temperature.
- Ideal gas constant \( R = 0.083 \) bar·dm³·K?¹·mol?¹

We need to calculate the temperature \( T \) of the gas.

### Step 1: Using the Ideal Gas Law

The ideal gas law equation is:

\[
pV = nRT
\]

Where:
- \( p \) is the pressure,
- \( V \) is the volume,
- \( n \) is the number of moles,
- \( R \) is the gas constant,
- \( T \) is the temperature in Kelvin.

Rearranging the equation to solve for temperature \( T \):

\[
T = \frac{pV}{nR}
\]

### Step 2: Substitute known values into the equation

Substituting the given values into the equation:

\[
T = \frac{(3.32 \, \text{bar}) \times (5 \, \text{dm}^3)}{(4.0 \, \text{mol}) \times (0.083 \, \text{bar} \cdot \text{dm}^3 \cdot \text{mol}^{-1} \cdot \text{K}^{-1})}
\]

\[
T = \frac{16.6 \, \text{bar} \cdot \text{dm}^3}{0.332 \, \text{bar} \cdot \text{dm}^3 \cdot \text{mol}^{-1} \cdot \text{K}^{-1}}
\]

\[
T = 50 \, \text{K}
\]

### Step 3: Account for the change in number of moles with temperature

The problem mentions that the number of moles decreases by 0.5 moles for every 1 K rise in temperature. This suggests a relationship between temperature and the number of moles:

\[
n(T) = n_0 - 0.5(T - T_0)
\]

Where:
- \( n_0 = 4.0 \, \text{mol} \) is the initial number of moles at \( T_0 = 0 \, \text{K} \),
- \( T \) is the temperature at which the number of moles has decreased.

Since we already calculated the temperature \( T = 50 \, \text{K} \), we can use the relationship to estimate the new number of moles. However, since the relationship doesn't drastically change the final result for the ideal gas law calculation, the temperature remains **50 K** in this context.

### Final Answer:
The temperature of the gas is **50 K**."
